Julio Frederick,Bo Boring,Isabella Idealistic,Bo Boring
Cynthia Strong,Isabella Idealistic,Isabella Idealistic,Sylvester Sketchy
Maria Raymond,Bo Boring,Isabella Idealistic,Tamara Trustworthy
Ashanti Barnett,Sylvester Sketchy,Tamara Trustworthy,Tamara Trustworthy
Kennedy Rasmussen,Bo Boring,Sylvester Sketchy,Darrell Determined
Yasmin Best,Isabella Idealistic,Isabella Idealistic,Bo Boring
Aria Osborne,Tamara Trustworthy,Sylvester Sketchy,Bo Boring
Pamela Valdez,Isabella Idealistic,Isabella Idealistic,Sylvester Sketchy
Jamya Frey,Bo Boring,Bo Boring,Darrell Determined
Ray Downs,Darrell Determined,Bo Boring,Sylvester Sketchy
Devin Golden,Sylvester Sketchy,Darrell Determined,Darrell Determined
Briana Foster,Tamara Trustworthy,Darrell Determined,Tamara Trustworthy
Slade Li,Tamara Trustworthy,Tamara Trustworthy,Tamara Trustworthy
Johanna Parsons,Darrell Determined,Tamara Trustworthy,Sylvester Sketchy
Sarai Vance,Bo Boring,Sylvester Sketchy,Sylvester Sketchy
Darrell Larsen,Isabella Idealistic,Bo Boring,Sylvester Sketchy
Aniyah Lin,Tamara Trustworthy,Bo Boring,Tamara Trustworthy
Maci Clay,Tamara Trustworthy,Sylvester Sketchy,Darrell Determined
Sydney Blevins,Sylvester Sketchy,Tamara Trustworthy,Darrell Determined
Sydnee Cortez,Tamara Trustworthy,Darrell Determined,Bo Boring
Jair Irwin,Darrell Determined,Sylvester Sketchy,Tamara Trustworthy
Aldo Townsend,Darrell Determined,Tamara Trustworthy,Isabella Idealistic
Bruce Duncan,Darrell Determined,Tamara Trustworthy,Bo Boring
Jensen Dawson,Isabella Idealistic,Sylvester Sketchy,Darrell Determined
Jamir Gallegos,Darrell Determined,Tamara Trustworthy,Isabella Idealistic
Jon Farrell,Bo Boring,Bo Boring,Isabella Idealistic
Jaelynn Ellison,Tamara Trustworthy,Bo Boring,Sylvester Sketchy
Donte Branch,Isabella Idealistic,Darrell Determined,Tamara Trustworthy
Jacey Escobar,Sylvester Sketchy,Isabella Idealistic,Sylvester Sketchy
Cassius Valenzuela,Tamara Trustworthy,Isabella Idealistic,Bo Boring
Brett Huang,Sylvester Sketchy,Darrell Determined,Bo Boring
Marley Blankenship,Isabella Idealistic,Sylvester Sketchy,Tamara Trustworthy
Mireya Calhoun,Sylvester Sketchy,Sylvester Sketchy,Bo Boring
Anahi Lowery,Tamara Trustworthy,Isabella Idealistic,Darrell Determined
Alessandro Dodson,Sylvester Sketchy,Sylvester Sketchy,Bo Boring
Destinee Walls,Tamara Trustworthy,Sylvester Sketchy,Darrell Determined
Jaydin Shah,Sylvester Sketchy,Isabella Idealistic,Isabella Idealistic
Yaritza Kerr,Darrell Determined,Tamara Trustworthy,Isabella Idealistic
Ana Mccann,Tamara Trustworthy,Bo Boring,Tamara Trustworthy
Dominique Zuniga,Isabella Idealistic,Darrell Determined,Tamara Trustworthy
Luka Burch,Bo Boring,Tamara Trustworthy,Tamara Trustworthy
Jonathon Wilkerson,Sylvester Sketchy,Tamara Trustworthy,Isabella Idealistic
Cristian Mcneil,Darrell Determined,Tamara Trustworthy,Isabella Idealistic
Draven Gibson,Sylvester Sketchy,Darrell Determined,Isabella Idealistic
Brielle Ferguson,Isabella Idealistic,Isabella Idealistic,Isabella Idealistic
Griffin Henson,Tamara Trustworthy,Bo Boring,Tamara Trustworthy
Tyler Navarro,Isabella Idealistic,Darrell Determined,Darrell Determined
Ean Joyce,Isabella Idealistic,Darrell Determined,Bo Boring
Nathanael Bridges,Isabella Idealistic,Tamara Trustworthy,Darrell Determined
Parker Kane,Tamara Trustworthy,Darrell Determined,Isabella Idealistic
Annabelle Nash,Bo Boring,Bo Boring,Isabella Idealistic
Amiya Whitaker,Sylvester Sketchy,Isabella Idealistic,Sylvester Sketchy
Carlos Cunningham,Sylvester Sketchy,Sylvester Sketchy,Tamara Trustworthy
Stella Huffman,Isabella Idealistic,Darrell Determined,Tamara Trustworthy
Skye Solis,Bo Boring,Bo Boring,Sylvester Sketchy
Reagan Frazier,Sylvester Sketchy,Tamara Trustworthy,Darrell Determined
Dalton Bowman,Bo Boring,Tamara Trustworthy,Sylvester Sketchy
Elliot Flowers,Sylvester Sketchy,Isabella Idealistic,Sylvester Sketchy
Mylie Hendrix,Sylvester Sketchy,Isabella Idealistic,Bo Boring
Layne Frank,Isabella Idealistic,Bo Boring,Isabella Idealistic
Kendall Duffy,Tamara Trustworthy,Isabella Idealistic,Darrell Determined
Anaya Barnes,Isabella Idealistic,Darrell Determined,Isabella Idealistic
Jazlene Arellano,Darrell Determined,Bo Boring,Isabella Idealistic
Jaylyn Christian,Sylvester Sketchy,Darrell Determined,Bo Boring
Carlie Mendoza,Tamara Trustworthy,Sylvester Sketchy,Sylvester Sketchy
Heather King,Isabella Idealistic,Darrell Determined,Bo Boring
Samir Tanner,Sylvester Sketchy,Bo Boring,Sylvester Sketchy
Justin Morales,Tamara Trustworthy,Isabella Idealistic,Bo Boring
Jocelynn Porter,Bo Boring,Bo Boring,Darrell Determined
Katelynn Curtis,Sylvester Sketchy,Bo Boring,Isabella Idealistic
Alayna Patel,Tamara Trustworthy,Tamara Trustworthy,Sylvester Sketchy
Brenden Randolph,Darrell Determined,Isabella Idealistic,Sylvester Sketchy
Kiley Washington,Bo Boring,Tamara Trustworthy,Isabella Idealistic
Lindsay Gray,Tamara Trustworthy,Sylvester Sketchy,Isabella Idealistic
Kieran Crosby,Darrell Determined,Sylvester Sketchy,Bo Boring
Brodie Archer,Tamara Trustworthy,Bo Boring,Darrell Determined
Timothy Kent,Tamara Trustworthy,Isabella Idealistic,Darrell Determined
Nyasia Espinoza,Darrell Determined,Tamara Trustworthy,Sylvester Sketchy
Alexzander Barr,Bo Boring,Darrell Determined,Isabella Idealistic
Mercedes Avery,Bo Boring,Bo Boring,Bo Boring
Ramiro Curry,Darrell Determined,Tamara Trustworthy,Isabella Idealistic
Skyler Tapia,Tamara Trustworthy,Bo Boring,Isabella Idealistic
Messiah Shea,Isabella Idealistic,Isabella Idealistic,Tamara Trustworthy
Piper Sherman,Darrell Determined,Tamara Trustworthy,Isabella Idealistic
Trevin Stanley,Darrell Determined,Isabella Idealistic,Tamara Trustworthy
Jaylene Jones,Darrell Determined,Isabella Idealistic,Bo Boring
Brody Salas,Darrell Determined,Isabella Idealistic,Tamara Trustworthy
James Holland,Isabella Idealistic,Sylvester Sketchy,Sylvester Sketchy
Kassandra Lawrence,Isabella Idealistic,Tamara Trustworthy,Isabella Idealistic
Cheyenne Wilson,Bo Boring,Isabella Idealistic,Tamara Trustworthy
Ayanna Wright,Bo Boring,Bo Boring,Sylvester Sketchy
Tyshawn Harvey,Bo Boring,Sylvester Sketchy,Darrell Determined
Vaughn Beltran,Bo Boring,Isabella Idealistic,Darrell Determined
Christina Hunter,Tamara Trustworthy,Isabella Idealistic,Bo Boring
Phoenix Maddox,Tamara Trustworthy,Sylvester Sketchy,Bo Boring
Simon Watts,Isabella Idealistic,Tamara Trustworthy,Isabella Idealistic
Kristopher Franco,Bo Boring,Isabella Idealistic,Sylvester Sketchy
Tamara Rich,Darrell Determined,Darrell Determined,Darrell Determined
Evelin Harding,Tamara Trustworthy,Sylvester Sketchy,Isabella Idealistic
Rachel Boone,Sylvester Sketchy,Darrell Determined,Bo Boring
Israel Osborn,Isabella Idealistic,Bo Boring,Darrell Determined
Estrella Wade,Tamara Trustworthy,Sylvester Sketchy,Isabella Idealistic
Kamren Alvarez,Tamara Trustworthy,Sylvester Sketchy,Bo Boring
Kamari Tate,Bo Boring,Darrell Determined,Tamara Trustworthy
Deshawn Mata,Bo Boring,Darrell Determined,Isabella Idealistic
Alvin Sharp,Tamara Trustworthy,Darrell Determined,Isabella Idealistic
Isiah Moreno,Bo Boring,Sylvester Sketchy,Darrell Determined
Urijah Mack,Bo Boring,Sylvester Sketchy,Bo Boring
Zoie Stokes,Sylvester Sketchy,Tamara Trustworthy,Isabella Idealistic
Jesse Marsh,Tamara Trustworthy,Sylvester Sketchy,Sylvester Sketchy
Regina Cochran,Darrell Determined,Sylvester Sketchy,Darrell Determined
Emery Miranda,Bo Boring,Isabella Idealistic,Bo Boring
Carly Hicks,Darrell Determined,Bo Boring,Isabella Idealistic
Drake Wiley,Tamara Trustworthy,Bo Boring,Isabella Idealistic
Raphael Gregory,Bo Boring,Tamara Trustworthy,Sylvester Sketchy
Gretchen Parker,Bo Boring,Darrell Determined,Isabella Idealistic
Jamie Phillips,Tamara Trustworthy,Darrell Determined,Bo Boring
Dakota Vega,Isabella Idealistic,Sylvester Sketchy,Sylvester Sketchy
Axel Little,Isabella Idealistic,Isabella Idealistic,Bo Boring
Annalise Charles,Darrell Determined,Tamara Trustworthy,Isabella Idealistic
Dakota Berger,Bo Boring,Isabella Idealistic,Isabella Idealistic
London Deleon,Darrell Determined,Isabella Idealistic,Tamara Trustworthy
Jimmy Shelton,Isabella Idealistic,Tamara Trustworthy,Sylvester Sketchy
Shirley Gonzales,Bo Boring,Sylvester Sketchy,Sylvester Sketchy
Ishaan Riddle,Tamara Trustworthy,Darrell Determined,Bo Boring
Kamora Cantu,Isabella Idealistic,Darrell Determined,Bo Boring
Ben Mcdowell,Tamara Trustworthy,Darrell Determined,Tamara Trustworthy
Jonas Hodge,Isabella Idealistic,Bo Boring,Tamara Trustworthy
Madalynn Roberts,Darrell Determined,Bo Boring,Isabella Idealistic
Shaylee Wolfe,Tamara Trustworthy,Bo Boring,Isabella Idealistic
Cali Molina,Tamara Trustworthy,Bo Boring,Isabella Idealistic
Krystal Good,Tamara Trustworthy,Bo Boring,Darrell Determined
Thaddeus Hayes,Bo Boring,Tamara Trustworthy,Sylvester Sketchy
Allisson Montoya,Darrell Determined,Isabella Idealistic,Isabella Idealistic
Tristian Obrien,Isabella Idealistic,Sylvester Sketchy,Darrell Determined
Xzavier Warner,Sylvester Sketchy,Bo Boring,Bo Boring
Leanna Rivers,Darrell Determined,Bo Boring,Sylvester Sketchy
Rodolfo Heath,Tamara Trustworthy,Darrell Determined,Bo Boring
Janiya Allen,Isabella Idealistic,Bo Boring,Tamara Trustworthy
Sandra Pugh,Darrell Determined,Bo Boring,Bo Boring
Kelton Mcconnell,Bo Boring,Tamara Trustworthy,Sylvester Sketchy
Eli Combs,Isabella Idealistic,Sylvester Sketchy,Bo Boring
Mina Schwartz,Sylvester Sketchy,Sylvester Sketchy,Darrell Determined
Carley Lucero,Sylvester Sketchy,Darrell Determined,Isabella Idealistic
Anton Short,Bo Boring,Tamara Trustworthy,Darrell Determined
Abraham Fry,Bo Boring,Tamara Trustworthy,Bo Boring
Luca Garza,Tamara Trustworthy,Isabella Idealistic,Sylvester Sketchy
Bennett Alexander,Tamara Trustworthy,Bo Boring,Darrell Determined
Tomas Burns,Tamara Trustworthy,Tamara Trustworthy,Tamara Trustworthy
Jordyn Mathis,Sylvester Sketchy,Darrell Determined,Darrell Determined
Malcolm Sawyer,Sylvester Sketchy,Tamara Trustworthy,Isabella Idealistic
Henry Hansen,Tamara Trustworthy,Sylvester Sketchy,Tamara Trustworthy
Akira Conley,Bo Boring,Darrell Determined,Sylvester Sketchy
Conor Bird,Sylvester Sketchy,Bo Boring,Sylvester Sketchy
Jaden Clarke,Darrell Determined,Tamara Trustworthy,Darrell Determined
Wade Phelps,Bo Boring,Bo Boring,Isabella Idealistic
Brynn Silva,Tamara Trustworthy,Isabella Idealistic,Sylvester Sketchy
Aaliyah Zamora,Isabella Idealistic,Darrell Determined,Isabella Idealistic
Ronin Ochoa,Isabella Idealistic,Sylvester Sketchy,Sylvester Sketchy
Makenzie Hull,Darrell Determined,Tamara Trustworthy,Darrell Determined
Hezekiah Santos,Isabella Idealistic,Darrell Determined,Tamara Trustworthy
Derrick Soto,Sylvester Sketchy,Isabella Idealistic,Sylvester Sketchy
Carl Reese,Bo Boring,Bo Boring,Sylvester Sketchy
Nicolas Rogers,Tamara Trustworthy,Isabella Idealistic,Sylvester Sketchy
Jason Mays,Bo Boring,Tamara Trustworthy,Isabella Idealistic
Damarion Rowland,Tamara Trustworthy,Isabella Idealistic,Darrell Determined
Dennis Douglas,Tamara Trustworthy,Isabella Idealistic,Isabella Idealistic
Jordin Adkins,Isabella Idealistic,Bo Boring,Isabella Idealistic
Brooks Gilmore,Bo Boring,Tamara Trustworthy,Bo Boring
Aubrey Mills,Darrell Determined,Darrell Determined,Isabella Idealistic
Nathaniel Bright,Darrell Determined,Sylvester Sketchy,Tamara Trustworthy
Hunter Orr,Darrell Determined,Tamara Trustworthy,Bo Boring
Ayana Poole,Tamara Trustworthy,Sylvester Sketchy,Darrell Determined
Raul Hinton,Sylvester Sketchy,Bo Boring,Bo Boring
Isabell Clements,Darrell Determined,Darrell Determined,Sylvester Sketchy
Saniya Camacho,Tamara Trustworthy,Darrell Determined,Darrell Determined
Mckayla Coffey,Isabella Idealistic,Bo Boring,Bo Boring
Fabian Newton,Sylvester Sketchy,Isabella Idealistic,Tamara Trustworthy
Jolie Pham,Sylvester Sketchy,Sylvester Sketchy,Tamara Trustworthy
Nicole Merritt,Sylvester Sketchy,Sylvester Sketchy,Darrell Determined
Taylor Herring,Bo Boring,Tamara Trustworthy,Bo Boring
Gracelyn Brock,Bo Boring,Darrell Determined,Isabella Idealistic
Chaz Hickman,Bo Boring,Isabella Idealistic,Isabella Idealistic
Kade Mcfarland,Tamara Trustworthy,Isabella Idealistic,Tamara Trustworthy
Leland Marquez,Tamara Trustworthy,Sylvester Sketchy,Tamara Trustworthy
Carter Webster,Bo Boring,Darrell Determined,Darrell Determined
Ace Hall,Darrell Determined,Isabella Idealistic,Tamara Trustworthy
Kimberly Black,Darrell Determined,Sylvester Sketchy,Bo Boring
Arturo Farmer,Darrell Determined,Bo Boring,Tamara Trustworthy
Luz Humphrey,Bo Boring,Bo Boring,Sylvester Sketchy
Rory Esparza,Darrell Determined,Isabella Idealistic,Isabella Idealistic
Lennon Leblanc,Tamara Trustworthy,Darrell Determined,Isabella Idealistic
Jakayla Blackwell,Sylvester Sketchy,Sylvester Sketchy,Sylvester Sketchy
Tabitha Holmes,Isabella Idealistic,Tamara Trustworthy,Bo Boring
Amiyah Stark,Tamara Trustworthy,Isabella Idealistic,Darrell Determined
Ella Haney,Isabella Idealistic,Sylvester Sketchy,Bo Boring
Blaze Jennings,Tamara Trustworthy,Sylvester Sketchy,Darrell Determined
Alivia Carpenter,Bo Boring,Bo Boring,Isabella Idealistic
Cristopher Bush,Isabella Idealistic,Bo Boring,Bo Boring
Jovanni Villegas,Sylvester Sketchy,Bo Boring,Isabella Idealistic
Greyson Rhodes,Tamara Trustworthy,Isabella Idealistic,Darrell Determined
Emely Mckinney,Sylvester Sketchy,Tamara Trustworthy,Tamara Trustworthy
Adalynn Sexton,Sylvester Sketchy,Sylvester Sketchy,Isabella Idealistic
Abdullah Nunez,Tamara Trustworthy,Bo Boring,Sylvester Sketchy
Mya Mcbride,Isabella Idealistic,Sylvester Sketchy,Bo Boring
Billy Forbes,Sylvester Sketchy,Isabella Idealistic,Bo Boring
Cade Marks,Sylvester Sketchy,Bo Boring,Darrell Determined
Katherine Henderson,Tamara Trustworthy,Darrell Determined,Tamara Trustworthy
Van Hoffman,Isabella Idealistic,Isabella Idealistic,Tamara Trustworthy
Whitney Bradford,Isabella Idealistic,Bo Boring,Darrell Determined
Mariyah Mcintyre,Isabella Idealistic,Sylvester Sketchy,Isabella Idealistic
Julien Cohen,Tamara Trustworthy,Bo Boring,Darrell Determined
Ruby Parrish,Bo Boring,Tamara Trustworthy,Tamara Trustworthy
Emerson Mclaughlin,Darrell Determined,Bo Boring,Sylvester Sketchy
Dean Norris,Sylvester Sketchy,Isabella Idealistic,Sylvester Sketchy
Selina Stein,Tamara Trustworthy,Darrell Determined,Sylvester Sketchy
Monica Melton,Sylvester Sketchy,Isabella Idealistic,Tamara Trustworthy
Ellie Caldwell,Tamara Trustworthy,Tamara Trustworthy,Sylvester Sketchy
Toby House,Isabella Idealistic,Bo Boring,Darrell Determined
Dereon Vargas,Bo Boring,Bo Boring,Bo Boring
Reyna Chambers,Sylvester Sketchy,Isabella Idealistic,Darrell Determined
Madilyn Sutton,Isabella Idealistic,Sylvester Sketchy,Darrell Determined
Tyrese Beard,Darrell Determined,Tamara Trustworthy,Tamara Trustworthy
Cheyanne Galloway,Tamara Trustworthy,Darrell Determined,Darrell Determined
Janiah Lloyd,Tamara Trustworthy,Sylvester Sketchy,Bo Boring
Moses Hunt,Isabella Idealistic,Sylvester Sketchy,Sylvester Sketchy
Quinten Stewart,Isabella Idealistic,Darrell Determined,Sylvester Sketchy
Ernest Ingram,Bo Boring,Bo Boring,Darrell Determined
Calvin Rodriguez,Tamara Trustworthy,Bo Boring,Darrell Determined
Colton Tran,Bo Boring,Isabella Idealistic,Bo Boring
Kadin Colon,Darrell Determined,Isabella Idealistic,Sylvester Sketchy
Chad Jacobs,Isabella Idealistic,Darrell Determined,Sylvester Sketchy
Sarahi Montgomery,Tamara Trustworthy,Isabella Idealistic,Tamara Trustworthy
Gerardo Pratt,Sylvester Sketchy,Bo Boring,Tamara Trustworthy
Reid Finley,Sylvester Sketchy,Sylvester Sketchy,Sylvester Sketchy
Ayla Mcpherson,Bo Boring,Sylvester Sketchy,Tamara Trustworthy
Joshua Marshall,Bo Boring,Bo Boring,Isabella Idealistic
Presley Hampton,Isabella Idealistic,Isabella Idealistic,Darrell Determined
Fisher Barber,Sylvester Sketchy,Sylvester Sketchy,Darrell Determined
Konnor Ross,Bo Boring,Sylvester Sketchy,Isabella Idealistic
Addison Cameron,Tamara Trustworthy,Sylvester Sketchy,Bo Boring
King Dalton,Isabella Idealistic,Bo Boring,Isabella Idealistic
Kamryn Ramos,Isabella Idealistic,Bo Boring,Bo Boring
Zaid Bond,Darrell Determined,Bo Boring,Bo Boring
Julius Norton,Darrell Determined,Sylvester Sketchy,Sylvester Sketchy
Karissa Berg,Tamara Trustworthy,Tamara Trustworthy,Tamara Trustworthy
Martha Robertson,Darrell Determined,Isabella Idealistic,Sylvester Sketchy
Regan Gallagher,Tamara Trustworthy,Bo Boring,Sylvester Sketchy
Margaret Holt,Sylvester Sketchy,Tamara Trustworthy,Bo Boring
Brynlee Berry,Tamara Trustworthy,Sylvester Sketchy,Bo Boring
Bobby Benjamin,Isabella Idealistic,Darrell Determined,Darrell Determined
Annabel Jackson,Tamara Trustworthy,Sylvester Sketchy,Isabella Idealistic
Aydan Norman,Darrell Determined,Darrell Determined,Bo Boring
Nikolai Velez,Bo Boring,Sylvester Sketchy,Tamara Trustworthy
Misael Bartlett,Sylvester Sketchy,Tamara Trustworthy,Isabella Idealistic
Osvaldo Glass,Darrell Determined,Tamara Trustworthy,Isabella Idealistic
Mckenna Brennan,Tamara Trustworthy,Tamara Trustworthy,Sylvester Sketchy
Clarence Lang,Isabella Idealistic,Isabella Idealistic,Tamara Trustworthy
Glenn Rice,Darrell Determined,Sylvester Sketchy,Isabella Idealistic
Jonathan Rocha,Tamara Trustworthy,Darrell Determined,Darrell Determined
Danica Young,Darrell Determined,Darrell Determined,Sylvester Sketchy
Richard Serrano,Tamara Trustworthy,Bo Boring,Sylvester Sketchy
Bethany Gross,Isabella Idealistic,Darrell Determined,Bo Boring
Hadley Hodges,Sylvester Sketchy,Isabella Idealistic,Sylvester Sketchy
Lana Thompson,Bo Boring,Darrell Determined,Bo Boring
Hazel Frost,Isabella Idealistic,Darrell Determined,Bo Boring
Soren Mcguire,Isabella Idealistic,Darrell Determined,Darrell Determined
John Snyder,Isabella Idealistic,Isabella Idealistic,Tamara Trustworthy
Kaliyah Weber,Bo Boring,Bo Boring,Bo Boring
Ari Mendez,Bo Boring,Darrell Determined,Sylvester Sketchy
Giovani Ball,Isabella Idealistic,Darrell Determined,Bo Boring
Rowan Murphy,Bo Boring,Bo Boring,Sylvester Sketchy
Anderson Booth,Tamara Trustworthy,Bo Boring,Tamara Trustworthy
Thomas Price,Darrell Determined,Isabella Idealistic,Sylvester Sketchy
Cason Cantrell,Sylvester Sketchy,Sylvester Sketchy,Sylvester Sketchy
London Sloan,Darrell Determined,Isabella Idealistic,Darrell Determined
Alexia Carrillo,Tamara Trustworthy,Isabella Idealistic,Sylvester Sketchy
Waylon Vang,Darrell Determined,Isabella Idealistic,Darrell Determined
Vincent Cline,Sylvester Sketchy,Isabella Idealistic,Tamara Trustworthy
Tyrell Grant,Bo Boring,Bo Boring,Tamara Trustworthy
Miley Woodward,Bo Boring,Isabella Idealistic,Darrell Determined
Milagros Mercado,Darrell Determined,Isabella Idealistic,Tamara Trustworthy
Areli Donovan,Darrell Determined,Sylvester Sketchy,Isabella Idealistic
Alondra Holder,Isabella Idealistic,Darrell Determined,Sylvester Sketchy
Cecilia Dominguez,Bo Boring,Isabella Idealistic,Tamara Trustworthy
Hadassah Huerta,Bo Boring,Bo Boring,Bo Boring
Emilia Key,Bo Boring,Tamara Trustworthy,Sylvester Sketchy
Trent Macdonald,Darrell Determined,Isabella Idealistic,Bo Boring
Giselle Monroe,Isabella Idealistic,Tamara Trustworthy,Sylvester Sketchy
Paige Krueger,Tamara Trustworthy,Tamara Trustworthy,Isabella Idealistic
Lorenzo Guerra,Darrell Determined,Tamara Trustworthy,Tamara Trustworthy
Ezra White,Tamara Trustworthy,Sylvester Sketchy,Sylvester Sketchy
Aylin Garcia,Isabella Idealistic,Bo Boring,Tamara Trustworthy
Jaelyn Schneider,Bo Boring,Tamara Trustworthy,Sylvester Sketchy
Brittany Huff,Sylvester Sketchy,Darrell Determined,Darrell Determined
Sierra Walter,Sylvester Sketchy,Darrell Determined,Isabella Idealistic
Amirah Delgado,Isabella Idealistic,Tamara Trustworthy,Isabella Idealistic
Harold Oconnell,Tamara Trustworthy,Tamara Trustworthy,Sylvester Sketchy
Kallie Gilbert,Tamara Trustworthy,Tamara Trustworthy,Darrell Determined
Ali Dunn,Darrell Determined,Bo Boring,Tamara Trustworthy
Maeve Lawson,Isabella Idealistic,Bo Boring,Isabella Idealistic
Chase Morton,Darrell Determined,Sylvester Sketchy,Isabella Idealistic
Marely Spence,Isabella Idealistic,Tamara Trustworthy,Isabella Idealistic
Dulce Tyler,Bo Boring,Sylvester Sketchy,Sylvester Sketchy
Angel Moran,Darrell Determined,Darrell Determined,Bo Boring
Makai Craig,Tamara Trustworthy,Isabella Idealistic,Bo Boring
Antwan Juarez,Isabella Idealistic,Tamara Trustworthy,Tamara Trustworthy
Cristofer Church,Bo Boring,Tamara Trustworthy,Isabella Idealistic
Amir Reyes,Darrell Determined,Darrell Determined,Sylvester Sketchy
Beckett Howell,Sylvester Sketchy,Isabella Idealistic,Isabella Idealistic
Leticia Burnett,Isabella Idealistic,Bo Boring,Tamara Trustworthy
Dalia Glover,Sylvester Sketchy,Isabella Idealistic,Darrell Determined
Camilla Chen,Tamara Trustworthy,Bo Boring,Tamara Trustworthy
Alejandro Case,Isabella Idealistic,Darrell Determined,Tamara Trustworthy
Rayna Neal,Bo Boring,Tamara Trustworthy,Bo Boring
Lee Carr,Darrell Determined,Bo Boring,Isabella Idealistic
Grace Rosario,Bo Boring,Bo Boring,Bo Boring
Kamari Castillo,Isabella Idealistic,Bo Boring,Darrell Determined
Alfonso Rojas,Isabella Idealistic,Tamara Trustworthy,Darrell Determined
Nickolas Olsen,Sylvester Sketchy,Sylvester Sketchy,Isabella Idealistic
Trace Benitez,Darrell Determined,Darrell Determined,Darrell Determined
Lacey Mckenzie,Darrell Determined,Isabella Idealistic,Tamara Trustworthy
Gaven Hill,Darrell Determined,Bo Boring,Bo Boring
Sariah Hardin,Isabella Idealistic,Isabella Idealistic,Sylvester Sketchy
Adonis Chan,Sylvester Sketchy,Isabella Idealistic,Isabella Idealistic
Derek Chang,Isabella Idealistic,Sylvester Sketchy,Isabella Idealistic
Iliana Gonzalez,Bo Boring,Isabella Idealistic,Darrell Determined
Lina Dennis,Isabella Idealistic,Bo Boring,Darrell Determined
Anika Fitzpatrick,Tamara Trustworthy,Tamara Trustworthy,Sylvester Sketchy
Julian Browning,Sylvester Sketchy,Tamara Trustworthy,Sylvester Sketchy
Caylee Brewer,Darrell Determined,Tamara Trustworthy,Isabella Idealistic
Lillianna Cooper,Bo Boring,Sylvester Sketchy,Tamara Trustworthy
Morgan Goodwin,Tamara Trustworthy,Isabella Idealistic,Isabella Idealistic
Roman Hughes,Isabella Idealistic,Sylvester Sketchy,Sylvester Sketchy
Kody Pierce,Sylvester Sketchy,Sylvester Sketchy,Sylvester Sketchy
Maritza Hensley,Bo Boring,Sylvester Sketchy,Bo Boring
Frank Torres,Isabella Idealistic,Sylvester Sketchy,Isabella Idealistic
Alex Mccarthy,Bo Boring,Isabella Idealistic,Isabella Idealistic
April Rivera,Darrell Determined,Tamara Trustworthy,Darrell Determined
Kolton Shepherd,Sylvester Sketchy,Bo Boring,Isabella Idealistic
Valentina Moss,Tamara Trustworthy,Isabella Idealistic,Sylvester Sketchy
Catalina Baird,Sylvester Sketchy,Tamara Trustworthy,Isabella Idealistic
Miguel Buck,Tamara Trustworthy,Bo Boring,Sylvester Sketchy
Lucia Freeman,Sylvester Sketchy,Sylvester Sketchy,Darrell Determined
Bryson Watkins,Darrell Determined,Tamara Trustworthy,Bo Boring
Paulina Gomez,Darrell Determined,Sylvester Sketchy,Sylvester Sketchy
Salvador Sosa,Darrell Determined,Sylvester Sketchy,Isabella Idealistic
Davon Buckley,Darrell Determined,Sylvester Sketchy,Tamara Trustworthy
Dillan Alvarado,Darrell Determined,Bo Boring,Darrell Determined
Armani Friedman,Darrell Determined,Bo Boring,Sylvester Sketchy
Jacob English,Tamara Trustworthy,Darrell Determined,Darrell Determined
Rodrigo Edwards,Tamara Trustworthy,Bo Boring,Darrell Determined
Aiden Nichols,Isabella Idealistic,Tamara Trustworthy,Sylvester Sketchy
Markus Campos,Sylvester Sketchy,Bo Boring,Isabella Idealistic
Jaslyn Steele,Bo Boring,Bo Boring,Isabella Idealistic
Joselyn Hurst,Darrell Determined,Isabella Idealistic,Darrell Determined
Hassan Kidd,Sylvester Sketchy,Bo Boring,Sylvester Sketchy
Matilda Mcmahon,Sylvester Sketchy,Bo Boring,Sylvester Sketchy
Nia Barry,Tamara Trustworthy,Isabella Idealistic,Sylvester Sketchy
Denzel Hess,Sylvester Sketchy,Isabella Idealistic,Darrell Determined
Jovan Hudson,Darrell Determined,Tamara Trustworthy,Darrell Determined
Emiliano Kaiser,Isabella Idealistic,Sylvester Sketchy,Tamara Trustworthy
Emelia Armstrong,Bo Boring,Sylvester Sketchy,Tamara Trustworthy
Deangelo Walker,Tamara Trustworthy,Bo Boring,Darrell Determined
David Shannon,Darrell Determined,Bo Boring,Sylvester Sketchy
Gregory Roth,Darrell Determined,Isabella Idealistic,Sylvester Sketchy
Braylon Arroyo,Isabella Idealistic,Bo Boring,Darrell Determined
Ross Gaines,Sylvester Sketchy,Tamara Trustworthy,Isabella Idealistic
Ariana Yates,Sylvester Sketchy,Bo Boring,Sylvester Sketchy
Isabella Spears,Isabella Idealistic,Darrell Determined,Bo Boring
Denisse Reed,Sylvester Sketchy,Tamara Trustworthy,Tamara Trustworthy
Tiara Cain,Darrell Determined,Sylvester Sketchy,Tamara Trustworthy
Zane French,Sylvester Sketchy,Isabella Idealistic,Tamara Trustworthy
Karina Ashley,Isabella Idealistic,Darrell Determined,Tamara Trustworthy
Arielle Lee,Isabella Idealistic,Sylvester Sketchy,Tamara Trustworthy
Emma Brandt,Bo Boring,Bo Boring,Darrell Determined
Brennen Bender,Tamara Trustworthy,Darrell Determined,Bo Boring
Liam Blake,Isabella Idealistic,Sylvester Sketchy,Bo Boring
Emilio Wheeler,Sylvester Sketchy,Darrell Determined,Bo Boring
Aliana Patrick,Tamara Trustworthy,Darrell Determined,Sylvester Sketchy
Garrett Decker,Sylvester Sketchy,Isabella Idealistic,Sylvester Sketchy
Isai Greene,Isabella Idealistic,Darrell Determined,Tamara Trustworthy
Todd Santana,Tamara Trustworthy,Tamara Trustworthy,Sylvester Sketchy
Chloe Liu,Sylvester Sketchy,Isabella Idealistic,Bo Boring
Alanna Lester,Isabella Idealistic,Sylvester Sketchy,Tamara Trustworthy
Riley Sampson,Bo Boring,Sylvester Sketchy,Sylvester Sketchy
Julie Sellers,Bo Boring,Tamara Trustworthy,Bo Boring
Belinda Blair,Bo Boring,Isabella Idealistic,Darrell Determined
Neil Riley,Sylvester Sketchy,Bo Boring,Bo Boring
Abigail Carney,Tamara Trustworthy,Darrell Determined,Sylvester Sketchy
Camren Carroll,Sylvester Sketchy,Isabella Idealistic,Tamara Trustworthy
Anabel Dyer,Sylvester Sketchy,Tamara Trustworthy,Bo Boring
Rayan Taylor,Bo Boring,Darrell Determined,Sylvester Sketchy
Sam Shaffer,Darrell Determined,Darrell Determined,Tamara Trustworthy
Adelyn Cuevas,Isabella Idealistic,Darrell Determined,Bo Boring
Marissa Estrada,Sylvester Sketchy,Tamara Trustworthy,Isabella Idealistic
Krista Mayer,Isabella Idealistic,Sylvester Sketchy,Darrell Determined
Callie Dunlap,Sylvester Sketchy,Tamara Trustworthy,Isabella Idealistic
Adrian Johns,Bo Boring,Tamara Trustworthy,Darrell Determined
Darnell Hurley,Darrell Determined,Sylvester Sketchy,Tamara Trustworthy
Eliezer Perkins,Sylvester Sketchy,Tamara Trustworthy,Tamara Trustworthy
Shannon Robinson,Sylvester Sketchy,Sylvester Sketchy,Sylvester Sketchy
Carla Flores,Bo Boring,Sylvester Sketchy,Tamara Trustworthy
Mara Bolton,Isabella Idealistic,Bo Boring,Darrell Determined
Javion Stephenson,Darrell Determined,Bo Boring,Isabella Idealistic
Alonzo Wyatt,Isabella Idealistic,Bo Boring,Bo Boring
Elyse Wilcox,Sylvester Sketchy,Darrell Determined,Darrell Determined
Jamiya Williamson,Isabella Idealistic,Tamara Trustworthy,Darrell Determined
Serenity Stuart,Bo Boring,Darrell Determined,Tamara Trustworthy
Keith Terrell,Tamara Trustworthy,Tamara Trustworthy,Isabella Idealistic
Addyson Turner,Sylvester Sketchy,Sylvester Sketchy,Isabella Idealistic
Pierce Petty,Darrell Determined,Bo Boring,Isabella Idealistic
Ellen Dudley,Darrell Determined,Tamara Trustworthy,Sylvester Sketchy
Jackson Nguyen,Bo Boring,Darrell Determined,Tamara Trustworthy
Maryjane Huynh,Darrell Determined,Darrell Determined,Isabella Idealistic
Anastasia Rubio,Sylvester Sketchy,Sylvester Sketchy,Isabella Idealistic
Kiersten Small,Darrell Determined,Bo Boring,Sylvester Sketchy
Jordan Lozano,Isabella Idealistic,Sylvester Sketchy,Isabella Idealistic
Emmy Compton,Darrell Determined,Bo Boring,Darrell Determined
Jerry Martinez,Bo Boring,Isabella Idealistic,Darrell Determined
Dayami Wu,Darrell Determined,Isabella Idealistic,Isabella Idealistic
Valentin Adams,Tamara Trustworthy,Darrell Determined,Tamara Trustworthy
Athena Herman,Sylvester Sketchy,Isabella Idealistic,Tamara Trustworthy
Lamont Ortega,Bo Boring,Darrell Determined,Isabella Idealistic
Kyson Mueller,Bo Boring,Isabella Idealistic,Sylvester Sketchy
Edward Sparks,Tamara Trustworthy,Sylvester Sketchy,Sylvester Sketchy
Seamus Mccarty,Darrell Determined,Sylvester Sketchy,Darrell Determined
Jamal Kemp,Darrell Determined,Tamara Trustworthy,Darrell Determined
Alexandria Bryant,Bo Boring,Bo Boring,Isabella Idealistic
Brent Levy,Tamara Trustworthy,Bo Boring,Darrell Determined
Xavier Mejia,Sylvester Sketchy,Isabella Idealistic,Tamara Trustworthy
Naima Leonard,Bo Boring,Isabella Idealistic,Tamara Trustworthy
Samson Horn,Bo Boring,Bo Boring,Tamara Trustworthy
Lucas Morrow,Bo Boring,Bo Boring,Darrell Determined
Haven Vaughn,Darrell Determined,Darrell Determined,Darrell Determined
Desiree Guzman,Darrell Determined,Sylvester Sketchy,Isabella Idealistic
Alvaro Pineda,Bo Boring,Bo Boring,Sylvester Sketchy
Kai Randall,Bo Boring,Sylvester Sketchy,Bo Boring
Belen Mosley,Tamara Trustworthy,Isabella Idealistic,Bo Boring
Kenna Boyle,Darrell Determined,Sylvester Sketchy,Darrell Determined
Linda Everett,Bo Boring,Isabella Idealistic,Bo Boring
Atticus Davidson,Isabella Idealistic,Isabella Idealistic,Isabella Idealistic
Breanna Summers,Darrell Determined,Isabella Idealistic,Sylvester Sketchy
Elianna Paul,Sylvester Sketchy,Darrell Determined,Darrell Determined
Joaquin Pittman,Sylvester Sketchy,Sylvester Sketchy,Bo Boring
Chaim Mooney,Darrell Determined,Bo Boring,Darrell Determined
Kristian Preston,Bo Boring,Darrell Determined,Bo Boring
Dawson Lopez,Bo Boring,Isabella Idealistic,Sylvester Sketchy
Finley Greer,Bo Boring,Bo Boring,Sylvester Sketchy
Gabriella Costa,Sylvester Sketchy,Bo Boring,Tamara Trustworthy
Avery Willis,Darrell Determined,Tamara Trustworthy,Sylvester Sketchy
Claire Patton,Tamara Trustworthy,Sylvester Sketchy,Bo Boring
Diego Valencia,Tamara Trustworthy,Isabella Idealistic,Isabella Idealistic
Efrain Blackburn,Sylvester Sketchy,Bo Boring,Bo Boring
Jakob Atkinson,Darrell Determined,Sylvester Sketchy,Isabella Idealistic
Serena Fitzgerald,Tamara Trustworthy,Sylvester Sketchy,Bo Boring
Colt Mcintosh,Sylvester Sketchy,Sylvester Sketchy,Tamara Trustworthy
Damian Austin,Darrell Determined,Tamara Trustworthy,Darrell Determined
Nico Rivas,Isabella Idealistic,Sylvester Sketchy,Sylvester Sketchy
Katelyn Delacruz,Bo Boring,Bo Boring,Isabella Idealistic
Madalyn Reid,Isabella Idealistic,Darrell Determined,Isabella Idealistic
Emilee Schaefer,Tamara Trustworthy,Darrell Determined,Bo Boring
Dominique Cook,Tamara Trustworthy,Isabella Idealistic,Darrell Determined
Yuliana Andersen,Tamara Trustworthy,Darrell Determined,Darrell Determined
Carlo Ramsey,Tamara Trustworthy,Darrell Determined,Isabella Idealistic
Annika Garrison,Isabella Idealistic,Bo Boring,Bo Boring
Erick Gutierrez,Bo Boring,Tamara Trustworthy,Bo Boring
Abbigail Cox,Sylvester Sketchy,Isabella Idealistic,Tamara Trustworthy
Kayla Petersen,Tamara Trustworthy,Bo Boring,Sylvester Sketchy
Yoselin Valentine,Isabella Idealistic,Darrell Determined,Bo Boring
Kylan Dillon,Darrell Determined,Bo Boring,Isabella Idealistic
George Wiggins,Bo Boring,Darrell Determined,Tamara Trustworthy
Frederick Knox,Sylvester Sketchy,Sylvester Sketchy,Bo Boring
Meredith Ewing,Tamara Trustworthy,Tamara Trustworthy,Sylvester Sketchy
Arjun Bates,Isabella Idealistic,Tamara Trustworthy,Darrell Determined
Josue Saunders,Isabella Idealistic,Darrell Determined,Bo Boring
Chana Murray,Darrell Determined,Isabella Idealistic,Darrell Determined
Mekhi Klein,Tamara Trustworthy,Isabella Idealistic,Tamara Trustworthy
Amira Terry,Sylvester Sketchy,Darrell Determined,Sylvester Sketchy
Damari Kim,Darrell Determined,Isabella Idealistic,Isabella Idealistic
River Haley,Isabella Idealistic,Bo Boring,Tamara Trustworthy
Emilie Watson,Tamara Trustworthy,Bo Boring,Darrell Determined
Giancarlo Walsh,Bo Boring,Bo Boring,Isabella Idealistic
Shyla George,Isabella Idealistic,Tamara Trustworthy,Tamara Trustworthy
Aidan Durham,Tamara Trustworthy,Isabella Idealistic,Isabella Idealistic
Jeffery Davies,Sylvester Sketchy,Sylvester Sketchy,Darrell Determined
Malik Maynard,Tamara Trustworthy,Darrell Determined,Isabella Idealistic
Sylvia Mcmillan,Bo Boring,Sylvester Sketchy,Darrell Determined
Andrea Jimenez,Darrell Determined,Isabella Idealistic,Sylvester Sketchy
Brylee Ryan,Tamara Trustworthy,Darrell Determined,Tamara Trustworthy
Shane Fuller,Isabella Idealistic,Bo Boring,Tamara Trustworthy
Amanda Gibbs,Tamara Trustworthy,Tamara Trustworthy,Isabella Idealistic
Adelaide Brady,Tamara Trustworthy,Sylvester Sketchy,Tamara Trustworthy
Erica Foley,Sylvester Sketchy,Isabella Idealistic,Darrell Determined
Kyleigh Hancock,Sylvester Sketchy,Tamara Trustworthy,Darrell Determined
Nathan Hoover,Darrell Determined,Bo Boring,Darrell Determined
Hana Avila,Bo Boring,Tamara Trustworthy,Isabella Idealistic
Juan Bowen,Darrell Determined,Sylvester Sketchy,Tamara Trustworthy
Janiyah Roach,Tamara Trustworthy,Bo Boring,Sylvester Sketchy
Arthur Guerrero,Isabella Idealistic,Darrell Determined,Sylvester Sketchy
Kole Odonnell,Darrell Determined,Isabella Idealistic,Darrell Determined
Camden Olson,Isabella Idealistic,Sylvester Sketchy,Tamara Trustworthy
Lilianna Meyer,Tamara Trustworthy,Darrell Determined,Isabella Idealistic
Charlee Ellis,Tamara Trustworthy,Bo Boring,Sylvester Sketchy
Marlon Figueroa,Tamara Trustworthy,Darrell Determined,Isabella Idealistic
Terrance Bautista,Sylvester Sketchy,Bo Boring,Isabella Idealistic
Mathias Burke,Tamara Trustworthy,Isabella Idealistic,Sylvester Sketchy
Rodney Andrews,Bo Boring,Tamara Trustworthy,Darrell Determined
Bronson Hanna,Sylvester Sketchy,Darrell Determined,Tamara Trustworthy
Fernanda Roy,Darrell Determined,Tamara Trustworthy,Tamara Trustworthy
Meadow Schultz,Tamara Trustworthy,Tamara Trustworthy,Darrell Determined
Jax Walton,Bo Boring,Isabella Idealistic,Darrell Determined
Dashawn Harrell,Darrell Determined,Bo Boring,Bo Boring
Caden Higgins,Bo Boring,Tamara Trustworthy,Tamara Trustworthy
Gavin Mora,Sylvester Sketchy,Isabella Idealistic,Bo Boring
Guillermo Pennington,Tamara Trustworthy,Isabella Idealistic,Darrell Determined
Kolten Waters,Isabella Idealistic,Sylvester Sketchy,Darrell Determined
Paloma Ballard,Tamara Trustworthy,Bo Boring,Tamara Trustworthy
Xiomara Myers,Tamara Trustworthy,Sylvester Sketchy,Isabella Idealistic
Randy Horne,Darrell Determined,Sylvester Sketchy,Darrell Determined
Keyon Braun,Isabella Idealistic,Sylvester Sketchy,Tamara Trustworthy
Larry Carter,Darrell Determined,Darrell Determined,Tamara Trustworthy
Holden Farley,Darrell Determined,Sylvester Sketchy,Sylvester Sketchy
Alyssa Snow,Bo Boring,Darrell Determined,Darrell Determined
Camila Pruitt,Darrell Determined,Isabella Idealistic,Bo Boring
Hugo Howe,Bo Boring,Bo Boring,Isabella Idealistic
Gianna Leon,Isabella Idealistic,Bo Boring,Darrell Determined
Alexander Mahoney,Isabella Idealistic,Tamara Trustworthy,Bo Boring
Solomon Macias,Isabella Idealistic,Isabella Idealistic,Tamara Trustworthy
Valery Duarte,Tamara Trustworthy,Isabella Idealistic,Tamara Trustworthy
Averi Christensen,Tamara Trustworthy,Isabella Idealistic,Darrell Determined
Khalil Nelson,Isabella Idealistic,Isabella Idealistic,Tamara Trustworthy
Logan Simon,Tamara Trustworthy,Bo Boring,Tamara Trustworthy
Jorge Ward,Bo Boring,Tamara Trustworthy,Bo Boring
Uriel Palmer,Tamara Trustworthy,Bo Boring,Bo Boring
Marina Vazquez,Isabella Idealistic,Isabella Idealistic,Bo Boring
Josie Bray,Isabella Idealistic,Bo Boring,Tamara Trustworthy
Raiden Bradley,Bo Boring,Darrell Determined,Isabella Idealistic
Logan James,Darrell Determined,Sylvester Sketchy,Darrell Determined
Jillian Weaver,Bo Boring,Darrell Determined,Sylvester Sketchy
Stanley Eaton,Isabella Idealistic,Isabella Idealistic,Tamara Trustworthy
Gabriela Mccoy,Sylvester Sketchy,Darrell Determined,Isabella Idealistic
Sullivan Dougherty,Sylvester Sketchy,Isabella Idealistic,Darrell Determined
Abby David,Darrell Determined,Bo Boring,Isabella Idealistic
Karlee Villarreal,Sylvester Sketchy,Darrell Determined,Tamara Trustworthy
Destiney Romero,Bo Boring,Tamara Trustworthy,Isabella Idealistic
Boston Aguilar,Darrell Determined,Sylvester Sketchy,Darrell Determined
Tara Knapp,Darrell Determined,Tamara Trustworthy,Darrell Determined
Sawyer Duran,Sylvester Sketchy,Sylvester Sketchy,Sylvester Sketchy
Keely Pearson,Darrell Determined,Darrell Determined,Darrell Determined
Ronald Maldonado,Bo Boring,Sylvester Sketchy,Isabella Idealistic
Reed Mcgrath,Darrell Determined,Isabella Idealistic,Darrell Determined
Alissa Glenn,Isabella Idealistic,Bo Boring,Tamara Trustworthy
Isabelle Weeks,Tamara Trustworthy,Sylvester Sketchy,Bo Boring
Clarissa Hooper,Darrell Determined,Tamara Trustworthy,Sylvester Sketchy
Kara Wagner,Tamara Trustworthy,Darrell Determined,Sylvester Sketchy
Zackary Barron,Darrell Determined,Isabella Idealistic,Isabella Idealistic
Teagan Martin,Tamara Trustworthy,Tamara Trustworthy,Tamara Trustworthy
Valentino Pitts,Isabella Idealistic,Sylvester Sketchy,Isabella Idealistic
Gauge Benton,Sylvester Sketchy,Tamara Trustworthy,Sylvester Sketchy
Kyan Cooley,Isabella Idealistic,Isabella Idealistic,Bo Boring
Teagan Moon,Tamara Trustworthy,Isabella Idealistic,Isabella Idealistic
Veronica Sanchez,Bo Boring,Bo Boring,Darrell Determined
Laylah Andrade,Isabella Idealistic,Sylvester Sketchy,Isabella Idealistic
Kinley Moody,Tamara Trustworthy,Tamara Trustworthy,Sylvester Sketchy
Elias Lewis,Darrell Determined,Sylvester Sketchy,Darrell Determined
Raina Henry,Bo Boring,Sylvester Sketchy,Isabella Idealistic
Melvin Jensen,Tamara Trustworthy,Isabella Idealistic,Tamara Trustworthy
Brianna Landry,Isabella Idealistic,Darrell Determined,Bo Boring
Angel Cobb,Tamara Trustworthy,Isabella Idealistic,Darrell Determined
Marin Castaneda,Sylvester Sketchy,Sylvester Sketchy,Bo Boring
Jeramiah Morse,Bo Boring,Sylvester Sketchy,Bo Boring
Averie Ali,Tamara Trustworthy,Bo Boring,Darrell Determined
Lillie West,Tamara Trustworthy,Tamara Trustworthy,Isabella Idealistic
Gracie Harrington,Isabella Idealistic,Darrell Determined,Isabella Idealistic
Hugh Kennedy,Sylvester Sketchy,Sylvester Sketchy,Isabella Idealistic
Mohamed Luna,Sylvester Sketchy,Tamara Trustworthy,Tamara Trustworthy
Tristan Carey,Isabella Idealistic,Sylvester Sketchy,Isabella Idealistic
Giovanny Kaufman,Sylvester Sketchy,Bo Boring,Sylvester Sketchy
Marlene Lynch,Isabella Idealistic,Sylvester Sketchy,Sylvester Sketchy
Avery Kelley,Tamara Trustworthy,Isabella Idealistic,Tamara Trustworthy
Mike Bryan,Darrell Determined,Sylvester Sketchy,Darrell Determined
Eve Frye,Darrell Determined,Bo Boring,Darrell Determined
Cora Clark,Tamara Trustworthy,Darrell Determined,Sylvester Sketchy
Hillary Sanders,Bo Boring,Bo Boring,Darrell Determined
Adrianna Orozco,Tamara Trustworthy,Darrell Determined,Isabella Idealistic
Savanah Velazquez,Sylvester Sketchy,Sylvester Sketchy,Sylvester Sketchy
Devyn Bean,Sylvester Sketchy,Isabella Idealistic,Bo Boring
Lyric Pollard,Sylvester Sketchy,Tamara Trustworthy,Isabella Idealistic
Owen Page,Sylvester Sketchy,Isabella Idealistic,Bo Boring
Precious Baker,Sylvester Sketchy,Isabella Idealistic,Isabella Idealistic
Rihanna Elliott,Sylvester Sketchy,Darrell Determined,Tamara Trustworthy
Myla Mcdonald,Isabella Idealistic,Isabella Idealistic,Isabella Idealistic
Ali Ford,Sylvester Sketchy,Isabella Idealistic,Tamara Trustworthy
Noemi Padilla,Bo Boring,Tamara Trustworthy,Tamara Trustworthy
Mariela Bruce,Tamara Trustworthy,Isabella Idealistic,Bo Boring
Jakobe Parks,Tamara Trustworthy,Sylvester Sketchy,Darrell Determined
Abagail Warren,Isabella Idealistic,Sylvester Sketchy,Darrell Determined
Victoria Banks,Darrell Determined,Isabella Idealistic,Tamara Trustworthy
Liliana Hubbard,Sylvester Sketchy,Sylvester Sketchy,Sylvester Sketchy
Kianna Wall,Bo Boring,Sylvester Sketchy,Isabella Idealistic
Emery Carlson,Sylvester Sketchy,Bo Boring,Tamara Trustworthy
Jazmyn Mclean,Darrell Determined,Isabella Idealistic,Bo Boring
Cohen Dickerson,Isabella Idealistic,Sylvester Sketchy,Sylvester Sketchy
Raegan Hester,Darrell Determined,Isabella Idealistic,Darrell Determined
Aarav Whitehead,Bo Boring,Bo Boring,Bo Boring
Philip Hopkins,Isabella Idealistic,Sylvester Sketchy,Darrell Determined
Jayleen Clayton,Sylvester Sketchy,Isabella Idealistic,Bo Boring
Cameron Holloway,Bo Boring,Isabella Idealistic,Bo Boring
Royce Zavala,Darrell Determined,Bo Boring,Tamara Trustworthy
Avah Bernard,Sylvester Sketchy,Tamara Trustworthy,Tamara Trustworthy
Haiden Spencer,Bo Boring,Sylvester Sketchy,Darrell Determined
Delaney Shaw,Tamara Trustworthy,Tamara Trustworthy,Darrell Determined
June Oneill,Sylvester Sketchy,Sylvester Sketchy,Isabella Idealistic
Sebastian Mccormick,Bo Boring,Isabella Idealistic,Sylvester Sketchy
Elisabeth Oliver,Bo Boring,Darrell Determined,Darrell Determined
Alec Hendricks,Bo Boring,Darrell Determined,Bo Boring
Kael Estes,Darrell Determined,Isabella Idealistic,Darrell Determined
Damien Robles,Bo Boring,Tamara Trustworthy,Isabella Idealistic
Pablo Prince,Tamara Trustworthy,Sylvester Sketchy,Tamara Trustworthy
Audrina Cowan,Darrell Determined,Tamara Trustworthy,Tamara Trustworthy
Greta Fletcher,Bo Boring,Darrell Determined,Darrell Determined
Angie Quinn,Isabella Idealistic,Darrell Determined,Sylvester Sketchy
Amaris Wilkinson,Sylvester Sketchy,Sylvester Sketchy,Darrell Determined
Skyler Peters,Tamara Trustworthy,Darrell Determined,Sylvester Sketchy
Brogan Rose,Bo Boring,Sylvester Sketchy,Darrell Determined
Melissa Roman,Tamara Trustworthy,Tamara Trustworthy,Sylvester Sketchy
Georgia Barrett,Sylvester Sketchy,Isabella Idealistic,Sylvester Sketchy
Jessica Middleton,Sylvester Sketchy,Bo Boring,Darrell Determined
Rowan Miller,Sylvester Sketchy,Isabella Idealistic,Sylvester Sketchy
Darian Bailey,Sylvester Sketchy,Tamara Trustworthy,Sylvester Sketchy
Yurem Gamble,Isabella Idealistic,Darrell Determined,Sylvester Sketchy
Shaniya Chaney,Tamara Trustworthy,Sylvester Sketchy,Isabella Idealistic
Pedro Todd,Tamara Trustworthy,Isabella Idealistic,Darrell Determined
Demetrius Conner,Tamara Trustworthy,Bo Boring,Tamara Trustworthy
Jose Butler,Sylvester Sketchy,Darrell Determined,Isabella Idealistic
Annie Ritter,Tamara Trustworthy,Darrell Determined,Isabella Idealistic
Rogelio Suarez,Sylvester Sketchy,Darrell Determined,Sylvester Sketchy
Ian Buchanan,Sylvester Sketchy,Bo Boring,Isabella Idealistic
Isla Roberson,Bo Boring,Bo Boring,Sylvester Sketchy
Lance Faulkner,Darrell Determined,Sylvester Sketchy,Sylvester Sketchy
Terrence Brown,Tamara Trustworthy,Isabella Idealistic,Bo Boring
Esmeralda Schmitt,Isabella Idealistic,Tamara Trustworthy,Tamara Trustworthy
Amari Dorsey,Isabella Idealistic,Bo Boring,Darrell Determined
Ireland Kline,Sylvester Sketchy,Darrell Determined,Tamara Trustworthy
Maddison Savage,Bo Boring,Sylvester Sketchy,Sylvester Sketchy
Davion Cooke,Darrell Determined,Darrell Determined,Bo Boring
Natasha Maxwell,Bo Boring,Isabella Idealistic,Isabella Idealistic
Christopher Green,Sylvester Sketchy,Tamara Trustworthy,Isabella Idealistic
Nicholas Mcknight,Darrell Determined,Bo Boring,Darrell Determined
Jazlynn Lindsey,Darrell Determined,Tamara Trustworthy,Sylvester Sketchy
Cecelia Mann,Tamara Trustworthy,Sylvester Sketchy,Bo Boring
Demarion Newman,Darrell Determined,Bo Boring,Tamara Trustworthy
Elliana Hebert,Bo Boring,Isabella Idealistic,Isabella Idealistic
Natalia Barrera,Sylvester Sketchy,Darrell Determined,Isabella Idealistic
Arabella Johnston,Isabella Idealistic,Isabella Idealistic,Tamara Trustworthy
Cyrus Lucas,Darrell Determined,Bo Boring,Bo Boring
Iyana Baldwin,Darrell Determined,Sylvester Sketchy,Darrell Determined
Ivan Wood,Tamara Trustworthy,Bo Boring,Tamara Trustworthy
Haylee Potts,Bo Boring,Darrell Determined,Darrell Determined
Lailah Mckee,Bo Boring,Sylvester Sketchy,Sylvester Sketchy
Alicia Thornton,Sylvester Sketchy,Isabella Idealistic,Tamara Trustworthy
Adison Cannon,Darrell Determined,Sylvester Sketchy,Bo Boring
Coleman Becker,Darrell Determined,Isabella Idealistic,Tamara Trustworthy
Aryanna Long,Isabella Idealistic,Darrell Determined,Tamara Trustworthy
Edgar Bonilla,Sylvester Sketchy,Sylvester Sketchy,Tamara Trustworthy
Ashtyn Ibarra,Bo Boring,Darrell Determined,Isabella Idealistic
Marcelo Kirk,Isabella Idealistic,Tamara Trustworthy,Tamara Trustworthy
Finnegan Allison,Sylvester Sketchy,Tamara Trustworthy,Bo Boring
Brayan Russo,Isabella Idealistic,Sylvester Sketchy,Isabella Idealistic
Mckinley Wilkins,Isabella Idealistic,Bo Boring,Tamara Trustworthy
Ethen Chandler,Sylvester Sketchy,Isabella Idealistic,Darrell Determined
Ezequiel Keith,Darrell Determined,Bo Boring,Darrell Determined
Preston Morris,Darrell Determined,Isabella Idealistic,Bo Boring
Quincy Powers,Sylvester Sketchy,Tamara Trustworthy,Bo Boring
Jalen Ho,Sylvester Sketchy,Sylvester Sketchy,Darrell Determined
Valeria Briggs,Tamara Trustworthy,Darrell Determined,Darrell Determined
Campbell Lane,Isabella Idealistic,Tamara Trustworthy,Sylvester Sketchy
Karen Dickson,Tamara Trustworthy,Sylvester Sketchy,Tamara Trustworthy
Melody Knight,Sylvester Sketchy,Tamara Trustworthy,Bo Boring
Aditya Aguirre,Darrell Determined,Darrell Determined,Tamara Trustworthy
Tobias Velasquez,Bo Boring,Sylvester Sketchy,Isabella Idealistic
Monserrat Gates,Tamara Trustworthy,Sylvester Sketchy,Tamara Trustworthy
Camille Gardner,Sylvester Sketchy,Darrell Determined,Isabella Idealistic
Braxton Hart,Tamara Trustworthy,Isabella Idealistic,Darrell Determined
Gina Ramirez,Darrell Determined,Sylvester Sketchy,Bo Boring
Madyson Hanson,Sylvester Sketchy,Isabella Idealistic,Sylvester Sketchy
Jamie Benson,Tamara Trustworthy,Bo Boring,Isabella Idealistic
Moriah May,Tamara Trustworthy,Isabella Idealistic,Isabella Idealistic
Lawrence Lutz,Bo Boring,Bo Boring,Isabella Idealistic
Ansley Moore,Isabella Idealistic,Sylvester Sketchy,Bo Boring
Mohammed Gill,Sylvester Sketchy,Tamara Trustworthy,Sylvester Sketchy
Thalia Hogan,Darrell Determined,Darrell Determined,Isabella Idealistic
Madeleine Fowler,Isabella Idealistic,Tamara Trustworthy,Sylvester Sketchy
Andy Houston,Darrell Determined,Isabella Idealistic,Tamara Trustworthy
Lea Harrison,Isabella Idealistic,Darrell Determined,Darrell Determined
Nick Goodman,Darrell Determined,Sylvester Sketchy,Sylvester Sketchy
Aryana Thomas,Isabella Idealistic,Darrell Determined,Tamara Trustworthy
Alison Peterson,Sylvester Sketchy,Bo Boring,Isabella Idealistic
Susan Day,Sylvester Sketchy,Bo Boring,Isabella Idealistic
Micheal Bullock,Darrell Determined,Sylvester Sketchy,Bo Boring
Bailee Brooks,Sylvester Sketchy,Bo Boring,Isabella Idealistic
Ashlee Owen,Tamara Trustworthy,Bo Boring,Bo Boring
Ximena Ayala,Bo Boring,Darrell Determined,Bo Boring
Keagan Kramer,Bo Boring,Sylvester Sketchy,Darrell Determined
Essence Cardenas,Darrell Determined,Isabella Idealistic,Isabella Idealistic
Sienna Acevedo,Isabella Idealistic,Sylvester Sketchy,Bo Boring
Victor Burton,Isabella Idealistic,Tamara Trustworthy,Sylvester Sketchy
Lorena Jacobson,Bo Boring,Darrell Determined,Isabella Idealistic
Kenzie Abbott,Darrell Determined,Darrell Determined,Tamara Trustworthy
India Giles,Sylvester Sketchy,Isabella Idealistic,Sylvester Sketchy
Genevieve Le,Darrell Determined,Tamara Trustworthy,Bo Boring
Giovanna Stephens,Darrell Determined,Tamara Trustworthy,Darrell Determined
Kendrick Mitchell,Darrell Determined,Isabella Idealistic,Bo Boring
Kellen Hawkins,Sylvester Sketchy,Bo Boring,Darrell Determined
Donna Larson,Darrell Determined,Darrell Determined,Tamara Trustworthy
Peyton Webb,Sylvester Sketchy,Tamara Trustworthy,Sylvester Sketchy
Clara Sullivan,Darrell Determined,Bo Boring,Darrell Determined
Ryan Ray,Tamara Trustworthy,Darrell Determined,Sylvester Sketchy
Renee Baxter,Tamara Trustworthy,Sylvester Sketchy,Sylvester Sketchy
Jazmine Cross,Sylvester Sketchy,Tamara Trustworthy,Isabella Idealistic
Trystan Tucker,Bo Boring,Tamara Trustworthy,Isabella Idealistic
Finley Noble,Isabella Idealistic,Isabella Idealistic,Isabella Idealistic
Kathy Robbins,Isabella Idealistic,Isabella Idealistic,Sylvester Sketchy
Cameron Donaldson,Bo Boring,Isabella Idealistic,Sylvester Sketchy
Carson Lambert,Sylvester Sketchy,Isabella Idealistic,Darrell Determined
Harley Pena,Bo Boring,Tamara Trustworthy,Isabella Idealistic
Shania Doyle,Darrell Determined,Tamara Trustworthy,Tamara Trustworthy
Gustavo Rodgers,Darrell Determined,Darrell Determined,Darrell Determined
Reina Hutchinson,Isabella Idealistic,Darrell Determined,Sylvester Sketchy
Livia Stafford,Isabella Idealistic,Isabella Idealistic,Bo Boring
Karli Grimes,Isabella Idealistic,Bo Boring,Isabella Idealistic
Rene Evans,Darrell Determined,Isabella Idealistic,Tamara Trustworthy
Roy Hines,Tamara Trustworthy,Bo Boring,Sylvester Sketchy
Mario Harmon,Sylvester Sketchy,Isabella Idealistic,Tamara Trustworthy
Junior Whitney,Bo Boring,Sylvester Sketchy,Sylvester Sketchy
Everett Massey,Isabella Idealistic,Darrell Determined,Sylvester Sketchy
William Hamilton,Sylvester Sketchy,Tamara Trustworthy,Sylvester Sketchy
Corey Moyer,Darrell Determined,Isabella Idealistic,Isabella Idealistic
Brenton Levine,Sylvester Sketchy,Darrell Determined,Sylvester Sketchy
Kayden Jefferson,Darrell Determined,Tamara Trustworthy,Darrell Determined
Keshawn Boyer,Tamara Trustworthy,Isabella Idealistic,Sylvester Sketchy
Oliver Dixon,Sylvester Sketchy,Tamara Trustworthy,Tamara Trustworthy
Layton Pope,Bo Boring,Isabella Idealistic,Sylvester Sketchy
Conrad Contreras,Darrell Determined,Sylvester Sketchy,Isabella Idealistic
Steven Woodard,Bo Boring,Sylvester Sketchy,Darrell Determined
Aaron Gillespie,Isabella Idealistic,Sylvester Sketchy,Tamara Trustworthy
Javier Hood,Bo Boring,Darrell Determined,Isabella Idealistic
Lindsey Richard,Tamara Trustworthy,Tamara Trustworthy,Tamara Trustworthy
Triston Campbell,Bo Boring,Darrell Determined,Tamara Trustworthy
Autumn Michael,Tamara Trustworthy,Sylvester Sketchy,Tamara Trustworthy
Rory Duke,Darrell Determined,Darrell Determined,Darrell Determined
Roderick Burgess,Tamara Trustworthy,Bo Boring,Darrell Determined
Marie Lam,Darrell Determined,Bo Boring,Sylvester Sketchy
Aubrie Hardy,Darrell Determined,Darrell Determined,Tamara Trustworthy
Bailey Mccullough,Tamara Trustworthy,Bo Boring,Tamara Trustworthy
Ronan Richards,Darrell Determined,Bo Boring,Tamara Trustworthy
Kaelyn Gay,Darrell Determined,Tamara Trustworthy,Tamara Trustworthy
Karsyn Moses,Isabella Idealistic,Sylvester Sketchy,Sylvester Sketchy
Humberto Richardson,Isabella Idealistic,Tamara Trustworthy,Darrell Determined
Sheldon Kelly,Sylvester Sketchy,Isabella Idealistic,Darrell Determined
Micaela Davila,Tamara Trustworthy,Darrell Determined,Isabella Idealistic
Amara Park,Bo Boring,Isabella Idealistic,Bo Boring
Angelina Shepard,Bo Boring,Tamara Trustworthy,Bo Boring
Arely Conrad,Darrell Determined,Tamara Trustworthy,Tamara Trustworthy
Mariam Scott,Sylvester Sketchy,Bo Boring,Isabella Idealistic
Jaylin Villa,Isabella Idealistic,Isabella Idealistic,Isabella Idealistic
Londyn Simmons,Tamara Trustworthy,Tamara Trustworthy,Tamara Trustworthy
Elizabeth Khan,Isabella Idealistic,Darrell Determined,Darrell Determined
Alessandra Zimmerman,Sylvester Sketchy,Isabella Idealistic,Isabella Idealistic
Jaydon Harper,Bo Boring,Isabella Idealistic,Tamara Trustworthy
Bryce Bradshaw,Sylvester Sketchy,Darrell Determined,Bo Boring
Rishi Fox,Bo Boring,Darrell Determined,Tamara Trustworthy
Quinton Ortiz,Sylvester Sketchy,Isabella Idealistic,Darrell Determined
Kelsey Herrera,Isabella Idealistic,Sylvester Sketchy,Isabella Idealistic
Nolan Bass,Darrell Determined,Sylvester Sketchy,Bo Boring
Payton Mullins,Sylvester Sketchy,Darrell Determined,Darrell Determined
Trevor Oconnor,Sylvester Sketchy,Isabella Idealistic,Tamara Trustworthy
Darryl Rowe,Tamara Trustworthy,Sylvester Sketchy,Bo Boring
Clare Atkins,Darrell Determined,Darrell Determined,Sylvester Sketchy
Lilia Horton,Isabella Idealistic,Darrell Determined,Isabella Idealistic
Scarlet Werner,Bo Boring,Isabella Idealistic,Tamara Trustworthy
Aisha Weiss,Isabella Idealistic,Sylvester Sketchy,Bo Boring
Joel Wolf,Sylvester Sketchy,Isabella Idealistic,Tamara Trustworthy
Princess Graham,Bo Boring,Darrell Determined,Sylvester Sketchy
Yusuf Blanchard,Tamara Trustworthy,Bo Boring,Darrell Determined
Juliet Choi,Isabella Idealistic,Bo Boring,Darrell Determined
Terry Montes,Darrell Determined,Bo Boring,Sylvester Sketchy
Gaige Sandoval,Darrell Determined,Tamara Trustworthy,Tamara Trustworthy
Tatiana Callahan,Tamara Trustworthy,Bo Boring,Tamara Trustworthy
Rhys Walters,Tamara Trustworthy,Darrell Determined,Sylvester Sketchy
Elisha Coleman,Darrell Determined,Isabella Idealistic,Sylvester Sketchy
Leonard Cherry,Darrell Determined,Isabella Idealistic,Sylvester Sketchy
Jorden Mckay,Darrell Determined,Tamara Trustworthy,Darrell Determined
Francisco Perez,Sylvester Sketchy,Sylvester Sketchy,Bo Boring
Iris Jenkins,Darrell Determined,Isabella Idealistic,Sylvester Sketchy
Nylah Salinas,Darrell Determined,Tamara Trustworthy,Darrell Determined
Deja Welch,Isabella Idealistic,Tamara Trustworthy,Darrell Determined
Noah Travis,Bo Boring,Isabella Idealistic,Tamara Trustworthy
Norah Boyd,Darrell Determined,Tamara Trustworthy,Sylvester Sketchy
Kaiden Trujillo,Sylvester Sketchy,Sylvester Sketchy,Tamara Trustworthy
Quinn Hahn,Sylvester Sketchy,Isabella Idealistic,Isabella Idealistic
Laila Harris,Isabella Idealistic,Darrell Determined,Isabella Idealistic
Marisol Schroeder,Tamara Trustworthy,Sylvester Sketchy,Tamara Trustworthy
Camryn Crane,Isabella Idealistic,Tamara Trustworthy,Bo Boring
Luciana Villanueva,Sylvester Sketchy,Tamara Trustworthy,Bo Boring
Eden Trevino,Tamara Trustworthy,Isabella Idealistic,Bo Boring
Prince Fields,Tamara Trustworthy,Bo Boring,Darrell Determined
Ibrahim Williams,Tamara Trustworthy,Bo Boring,Darrell Determined
Maggie Hayden,Bo Boring,Tamara Trustworthy,Bo Boring
Raven Lowe,Sylvester Sketchy,Isabella Idealistic,Tamara Trustworthy
Cassidy Pace,Bo Boring,Sylvester Sketchy,Sylvester Sketchy
Jack Murillo,Sylvester Sketchy,Bo Boring,Tamara Trustworthy
Leon Carson,Sylvester Sketchy,Bo Boring,Isabella Idealistic
Francis Flynn,Bo Boring,Tamara Trustworthy,Bo Boring
Luna Zhang,Tamara Trustworthy,Isabella Idealistic,Bo Boring
Eva Gould,Sylvester Sketchy,Tamara Trustworthy,Isabella Idealistic
Eric Rollins,Isabella Idealistic,Darrell Determined,Isabella Idealistic
Viviana Stout,Isabella Idealistic,Darrell Determined,Sylvester Sketchy
Mira Stanton,Darrell Determined,Bo Boring,Isabella Idealistic
Nathalie Dean,Bo Boring,Tamara Trustworthy,Bo Boring
Jarrett Leach,Bo Boring,Bo Boring,Sylvester Sketchy
Davis Byrd,Darrell Determined,Isabella Idealistic,Isabella Idealistic
Alena Arias,Isabella Idealistic,Sylvester Sketchy,Bo Boring
Rose Daugherty,Bo Boring,Tamara Trustworthy,Tamara Trustworthy
Franklin Chung,Isabella Idealistic,Bo Boring,Bo Boring
Rohan Anderson,Darrell Determined,Sylvester Sketchy,Isabella Idealistic
Nathen Keller,Darrell Determined,Darrell Determined,Isabella Idealistic
Aspen Sweeney,Bo Boring,Isabella Idealistic,Isabella Idealistic
Zion Shields,Sylvester Sketchy,Isabella Idealistic,Darrell Determined
Jayda Barker,Darrell Determined,Isabella Idealistic,Isabella Idealistic
Selena Skinner,Darrell Determined,Tamara Trustworthy,Isabella Idealistic
Sadie Simpson,Isabella Idealistic,Isabella Idealistic,Sylvester Sketchy
Kimora Davenport,Darrell Determined,Sylvester Sketchy,Bo Boring
Mayra Madden,Darrell Determined,Darrell Determined,Tamara Trustworthy
Roberto Wong,Sylvester Sketchy,Tamara Trustworthy,Darrell Determined
Alannah Sheppard,Tamara Trustworthy,Darrell Determined,Tamara Trustworthy
Bryant Bishop,Darrell Determined,Darrell Determined,Bo Boring
Zander Barton,Darrell Determined,Sylvester Sketchy,Bo Boring
Russell Rush,Bo Boring,Sylvester Sketchy,Darrell Determined
Izabelle Payne,Bo Boring,Isabella Idealistic,Isabella Idealistic
Ernesto Vasquez,Bo Boring,Bo Boring,Sylvester Sketchy
Immanuel Stevens,Bo Boring,Tamara Trustworthy,Tamara Trustworthy
Melina Medina,Bo Boring,Bo Boring,Sylvester Sketchy
Libby Sanford,Darrell Determined,Isabella Idealistic,Isabella Idealistic
Rocco Melendez,Bo Boring,Tamara Trustworthy,Sylvester Sketchy
Justine Mayo,Isabella Idealistic,Sylvester Sketchy,Darrell Determined
Larissa Collier,Tamara Trustworthy,Darrell Determined,Bo Boring
Malachi Joseph,Bo Boring,Bo Boring,Darrell Determined
Octavio Bell,Isabella Idealistic,Bo Boring,Bo Boring
Reynaldo Koch,Bo Boring,Isabella Idealistic,Bo Boring
Malaki York,Bo Boring,Darrell Determined,Darrell Determined
Beckham Reeves,Tamara Trustworthy,Tamara Trustworthy,Tamara Trustworthy
Ahmad Francis,Tamara Trustworthy,Isabella Idealistic,Darrell Determined
Jaqueline Waller,Darrell Determined,Tamara Trustworthy,Darrell Determined
Ryann Castro,Darrell Determined,Tamara Trustworthy,Tamara Trustworthy
Myah Fleming,Bo Boring,Isabella Idealistic,Isabella Idealistic
Lesly Wells,Tamara Trustworthy,Isabella Idealistic,Bo Boring
Isaias Cisneros,Sylvester Sketchy,Tamara Trustworthy,Sylvester Sketchy
Rachael Logan,Darrell Determined,Sylvester Sketchy,Isabella Idealistic
Karly Oneal,Tamara Trustworthy,Isabella Idealistic,Bo Boring
Lincoln Munoz,Isabella Idealistic,Tamara Trustworthy,Tamara Trustworthy
Xander Mullen,Darrell Determined,Isabella Idealistic,Sylvester Sketchy
Hamza Vaughan,Tamara Trustworthy,Tamara Trustworthy,Darrell Determined
Kali Swanson,Sylvester Sketchy,Tamara Trustworthy,Isabella Idealistic
Dallas Bowers,Isabella Idealistic,Darrell Determined,Isabella Idealistic
Emmalee Yang,Tamara Trustworthy,Darrell Determined,Sylvester Sketchy
Gunner Riggs,Isabella Idealistic,Sylvester Sketchy,Bo Boring
Jasmin Fritz,Bo Boring,Tamara Trustworthy,Sylvester Sketchy
Lexie Anthony,Bo Boring,Isabella Idealistic,Sylvester Sketchy
Chace Mcgee,Isabella Idealistic,Bo Boring,Bo Boring
Maximo Powell,Bo Boring,Isabella Idealistic,Tamara Trustworthy
Ignacio Lynn,Sylvester Sketchy,Tamara Trustworthy,Isabella Idealistic
Jameson Erickson,Darrell Determined,Isabella Idealistic,Sylvester Sketchy
Marley Crawford,Tamara Trustworthy,Darrell Determined,Isabella Idealistic
Connor Galvan,Darrell Determined,Tamara Trustworthy,Sylvester Sketchy
Rex Lyons,Bo Boring,Isabella Idealistic,Bo Boring
Sloane Davis,Bo Boring,Darrell Determined,Tamara Trustworthy
Allison Wallace,Isabella Idealistic,Isabella Idealistic,Sylvester Sketchy
Kenny Johnson,Sylvester Sketchy,Darrell Determined,Tamara Trustworthy
Alisson Nicholson,Sylvester Sketchy,Sylvester Sketchy,Bo Boring
Jewel Chavez,Isabella Idealistic,Isabella Idealistic,Bo Boring
Alaina Santiago,Darrell Determined,Darrell Determined,Darrell Determined
Tucker Diaz,Bo Boring,Tamara Trustworthy,Bo Boring
Kyler Singleton,Sylvester Sketchy,Isabella Idealistic,Darrell Determined
Leonardo Cordova,Darrell Determined,Isabella Idealistic,Isabella Idealistic
Shamar Meadows,Darrell Determined,Bo Boring,Isabella Idealistic
Kameron Beasley,Tamara Trustworthy,Tamara Trustworthy,Tamara Trustworthy
Jordon Patterson,Bo Boring,Bo Boring,Tamara Trustworthy
Broderick Jarvis,Sylvester Sketchy,Bo Boring,Isabella Idealistic
Miranda Morgan,Sylvester Sketchy,Tamara Trustworthy,Bo Boring
Jennifer Hartman,Isabella Idealistic,Darrell Determined,Darrell Determined
Amare Acosta,Tamara Trustworthy,Tamara Trustworthy,Sylvester Sketchy
Selah Novak,Bo Boring,Tamara Trustworthy,Bo Boring
Kaylee Chapman,Tamara Trustworthy,Darrell Determined,Tamara Trustworthy
Yasmine Stevenson,Bo Boring,Tamara Trustworthy,Darrell Determined
Collin Gentry,Tamara Trustworthy,Darrell Determined,Darrell Determined
Frida Conway,Tamara Trustworthy,Tamara Trustworthy,Bo Boring
Alana Sims,Tamara Trustworthy,Bo Boring,Sylvester Sketchy
Camron Booker,Sylvester Sketchy,Darrell Determined,Isabella Idealistic
Zoey Garrett,Tamara Trustworthy,Darrell Determined,Darrell Determined
Celeste Daniels,Tamara Trustworthy,Bo Boring,Darrell Determined
Carolina Peck,Isabella Idealistic,Bo Boring,Isabella Idealistic
Conner Yu,Tamara Trustworthy,Sylvester Sketchy,Darrell Determined
Kenyon Drake,Darrell Determined,Sylvester Sketchy,Isabella Idealistic
Cael Hale,Bo Boring,Sylvester Sketchy,Bo Boring
Easton Russell,Isabella Idealistic,Bo Boring,Darrell Determined
Ally Nixon,Darrell Determined,Darrell Determined,Isabella Idealistic
Moises Collins,Darrell Determined,Bo Boring,Isabella Idealistic
Silas Howard,Tamara Trustworthy,Isabella Idealistic,Isabella Idealistic
Joanna Daniel,Tamara Trustworthy,Isabella Idealistic,Tamara Trustworthy
Isabel Franklin,Darrell Determined,Tamara Trustworthy,Tamara Trustworthy
Jaliyah Casey,Tamara Trustworthy,Bo Boring,Darrell Determined
Halle Underwood,Sylvester Sketchy,Tamara Trustworthy,Tamara Trustworthy
Raquel Cabrera,Darrell Determined,Sylvester Sketchy,Darrell Determined
Milton Huber,Isabella Idealistic,Isabella Idealistic,Tamara Trustworthy
Eileen Ware,Tamara Trustworthy,Sylvester Sketchy,Bo Boring
Natalee Ruiz,Isabella Idealistic,Bo Boring,Isabella Idealistic
Brycen Kirby,Isabella Idealistic,Sylvester Sketchy,Darrell Determined
Nathanial Yoder,Sylvester Sketchy,Darrell Determined,Tamara Trustworthy
Adriana Pacheco,Sylvester Sketchy,Darrell Determined,Sylvester Sketchy
Yesenia Beck,Tamara Trustworthy,Isabella Idealistic,Bo Boring
Annabella Bauer,Sylvester Sketchy,Tamara Trustworthy,Sylvester Sketchy
Tyson Mason,Darrell Determined,Isabella Idealistic,Tamara Trustworthy
Harry Floyd,Bo Boring,Darrell Determined,Darrell Determined
Hailee Meyers,Isabella Idealistic,Bo Boring,Tamara Trustworthy
Guadalupe Stone,Darrell Determined,Sylvester Sketchy,Tamara Trustworthy
Kaydence Mccall,Tamara Trustworthy,Sylvester Sketchy,Darrell Determined
Cannon Fischer,Isabella Idealistic,Sylvester Sketchy,Darrell Determined
Felipe Wang,Tamara Trustworthy,Isabella Idealistic,Isabella Idealistic
Janessa Garner,Sylvester Sketchy,Bo Boring,Sylvester Sketchy
Jayden Woods,Darrell Determined,Darrell Determined,Bo Boring
Tyree Mercer,Darrell Determined,Darrell Determined,Tamara Trustworthy
Jaden Mcclain,Bo Boring,Bo Boring,Isabella Idealistic
Asia Arnold,Darrell Determined,Bo Boring,Sylvester Sketchy
Kendra Haynes,Sylvester Sketchy,Sylvester Sketchy,Isabella Idealistic
Darwin Bennett,Isabella Idealistic,Darrell Determined,Isabella Idealistic
Elijah Reilly,Tamara Trustworthy,Tamara Trustworthy,Bo Boring
Ashton Hammond,Darrell Determined,Isabella Idealistic,Isabella Idealistic
Kamila Smith,Isabella Idealistic,Darrell Determined,Bo Boring
Adrien Lara,Tamara Trustworthy,Isabella Idealistic,Bo Boring
Enzo Proctor,Isabella Idealistic,Bo Boring,Tamara Trustworthy
Alisa Reynolds,Darrell Determined,Bo Boring,Isabella Idealistic
Jade Perry,Tamara Trustworthy,Bo Boring,Tamara Trustworthy
Keon Ayers,Isabella Idealistic,Sylvester Sketchy,Sylvester Sketchy
Kyla Fisher,Darrell Determined,Darrell Determined,Darrell Determined
Zack Schmidt,Darrell Determined,Sylvester Sketchy,Isabella Idealistic
Magdalena Mathews,Tamara Trustworthy,Bo Boring,Darrell Determined
Kiara Haas,Tamara Trustworthy,Bo Boring,Sylvester Sketchy
Leonidas Cole,Sylvester Sketchy,Sylvester Sketchy,Isabella Idealistic
Finn Ferrell,Isabella Idealistic,Sylvester Sketchy,Bo Boring
Sasha Salazar,Isabella Idealistic,Sylvester Sketchy,Tamara Trustworthy
Gianni Winters,Darrell Determined,Tamara Trustworthy,Isabella Idealistic
Baylee Chase,Bo Boring,Isabella Idealistic,Bo Boring
Vanessa Fuentes,Isabella Idealistic,Isabella Idealistic,Isabella Idealistic
Fiona Cummings,Darrell Determined,Bo Boring,Tamara Trustworthy
Donovan Fernandez,Darrell Determined,Bo Boring,Sylvester Sketchy
Sonia Matthews,Tamara Trustworthy,Bo Boring,Tamara Trustworthy
Lukas Barajas,Tamara Trustworthy,Darrell Determined,Sylvester Sketchy
Tia Love,Bo Boring,Bo Boring,Tamara Trustworthy
Patience Mcdaniel,Darrell Determined,Darrell Determined,Isabella Idealistic
Charity Mcclure,Tamara Trustworthy,Bo Boring,Tamara Trustworthy
Jean Hays,Isabella Idealistic,Isabella Idealistic,Bo Boring
Jaxson Malone,Darrell Determined,Tamara Trustworthy,Isabella Idealistic
Lexi Bentley,Tamara Trustworthy,Bo Boring,Sylvester Sketchy
Brenda Richmond,Tamara Trustworthy,Sylvester Sketchy,Bo Boring
Damon Calderon,Darrell Determined,Bo Boring,Isabella Idealistic
Yadiel Odom,Darrell Determined,Sylvester Sketchy,Isabella Idealistic
Cristina Hobbs,Sylvester Sketchy,Tamara Trustworthy,Darrell Determined
Zoe Rios,Bo Boring,Tamara Trustworthy,Bo Boring
Joe Rangel,Darrell Determined,Bo Boring,Darrell Determined
Phillip Gordon,Bo Boring,Isabella Idealistic,Isabella Idealistic
Wesley Livingston,Tamara Trustworthy,Bo Boring,Tamara Trustworthy
Clayton Strickland,Isabella Idealistic,Darrell Determined,Tamara Trustworthy
Walter Hernandez,Bo Boring,Isabella Idealistic,Darrell Determined
Leilani Rosales,Tamara Trustworthy,Sylvester Sketchy,Isabella Idealistic
Jagger Ponce,Isabella Idealistic,Darrell Determined,Bo Boring
Corbin Krause,Bo Boring,Bo Boring,Darrell Determined
Journey Nolan,Bo Boring,Sylvester Sketchy,Sylvester Sketchy
Kaylie Griffin,Bo Boring,Isabella Idealistic,Isabella Idealistic
Jaiden Manning,Tamara Trustworthy,Bo Boring,Bo Boring
Ava Nielsen,Isabella Idealistic,Tamara Trustworthy,Bo Boring
Keenan Solomon,Sylvester Sketchy,Darrell Determined,Bo Boring
Kelly Owens,Sylvester Sketchy,Bo Boring,Darrell Determined
Jaiden Graves,Sylvester Sketchy,Darrell Determined,Isabella Idealistic
Adriel Miles,Tamara Trustworthy,Bo Boring,Darrell Determined
Sonny Cervantes,Tamara Trustworthy,Isabella Idealistic,Bo Boring
Keaton Hatfield,Tamara Trustworthy,Tamara Trustworthy,Tamara Trustworthy
Jaylen Morrison,Bo Boring,Tamara Trustworthy,Sylvester Sketchy
Jessie Lamb,Darrell Determined,Sylvester Sketchy,Isabella Idealistic
Denise Holden,Bo Boring,Isabella Idealistic,Darrell Determined
Bo Cruz,Darrell Determined,Darrell Determined,Bo Boring
Ann Copeland,Isabella Idealistic,Isabella Idealistic,Sylvester Sketchy
Douglas Potter,Isabella Idealistic,Tamara Trustworthy,Bo Boring
Kaitlynn Singh,Tamara Trustworthy,Darrell Determined,Darrell Determined
Jonah Meza,Isabella Idealistic,Tamara Trustworthy,Sylvester Sketchy
Mariah Jordan,Sylvester Sketchy,Bo Boring,Sylvester Sketchy
Antonio Griffith,Sylvester Sketchy,Tamara Trustworthy,Darrell Determined
Dixie Vincent,Sylvester Sketchy,Isabella Idealistic,Darrell Determined
Nadia Wise,Bo Boring,Sylvester Sketchy,Darrell Determined